246	CTFPlayer	0	DT_Local.m_flDucktime
246	CTFPlayer	1	DT_Local.m_flFallVelocity
246	CTFPlayer	2	DT_Local.m_vecPunchAngle
246	CTFPlayer	3	DT_LocalPlayerExclusive.m_vecViewOffset[2]
246	CTFPlayer	4	DT_LocalPlayerExclusive.m_nTickBase
246	CTFPlayer	5	DT_LocalPlayerExclusive.m_hGroundEntity
246	CTFPlayer	6	DT_LocalPlayerExclusive.m_vecVelocity[0]
246	CTFPlayer	7	DT_LocalPlayerExclusive.m_vecVelocity[1]
246	CTFPlayer	8	DT_LocalPlayerExclusive.m_vecVelocity[2]
246	CTFPlayer	9	DT_TFLocalPlayerExclusive.m_vecOrigin
246	CTFPlayer	10	DT_TFLocalPlayerExclusive.m_vecOrigin[2]
246	CTFPlayer	11	DT_TFLocalPlayerExclusive.m_angEyeAngles[0]
246	CTFPlayer	12	DT_TFLocalPlayerExclusive.m_angEyeAngles[1]
246	CTFPlayer	13	DT_TFNonLocalPlayerExclusive.m_vecOrigin
246	CTFPlayer	14	DT_TFNonLocalPlayerExclusive.m_vecOrigin[2]
246	CTFPlayer	15	DT_TFNonLocalPlayerExclusive.m_angEyeAngles[0]
246	CTFPlayer	16	DT_TFNonLocalPlayerExclusive.m_angEyeAngles[1]
246	CTFPlayer	17	DT_BaseEntity.m_flSimulationTime
246	CTFPlayer	18	DT_BasePlayer.m_iHealth
246	CTFPlayer	19	DT_BasePlayer.m_fFlags
246	CTFPlayer	20	DT_CollisionProperty.m_vecMinsPreScaled
246	CTFPlayer	21	DT_CollisionProperty.m_vecMaxsPreScaled
246	CTFPlayer	22	DT_CollisionProperty.m_vecMins
246	CTFPlayer	23	DT_CollisionProperty.m_vecMaxs
246	CTFPlayer	24	DT_CollisionProperty.m_nSolidType
246	CTFPlayer	25	DT_CollisionProperty.m_usSolidFlags
246	CTFPlayer	26	DT_CollisionProperty.m_nSurroundType
246	CTFPlayer	27	DT_CollisionProperty.m_triggerBloat
246	CTFPlayer	28	DT_CollisionProperty.m_bUniformTriggerBloat
246	CTFPlayer	29	DT_CollisionProperty.m_vecSpecifiedSurroundingMinsPreScaled
246	CTFPlayer	30	DT_CollisionProperty.m_vecSpecifiedSurroundingMaxsPreScaled
246	CTFPlayer	31	DT_CollisionProperty.m_vecSpecifiedSurroundingMins
246	CTFPlayer	32	DT_CollisionProperty.m_vecSpecifiedSurroundingMaxs
246	CTFPlayer	33	DT_PredictableId.m_PredictableID
246	CTFPlayer	34	DT_PredictableId.m_bIsPlayerSimulated
246	CTFPlayer	35	m_nModelIndexOverrides.000
246	CTFPlayer	36	m_nModelIndexOverrides.001
246	CTFPlayer	37	m_nModelIndexOverrides.002
246	CTFPlayer	38	m_nModelIndexOverrides.003
246	CTFPlayer	39	m_flEncodedController.000
246	CTFPlayer	40	m_flEncodedController.001
246	CTFPlayer	41	m_flEncodedController.002
246	CTFPlayer	42	m_flEncodedController.003
246	CTFPlayer	43	DT_BCCLocalPlayerExclusive.m_flNextAttack
246	CTFPlayer	44	m_hMyWeapons.000
246	CTFPlayer	45	m_hMyWeapons.001
246	CTFPlayer	46	m_hMyWeapons.002
246	CTFPlayer	47	m_hMyWeapons.003
246	CTFPlayer	48	m_hMyWeapons.004
246	CTFPlayer	49	m_hMyWeapons.005
246	CTFPlayer	50	m_hMyWeapons.006
246	CTFPlayer	51	m_hMyWeapons.007
246	CTFPlayer	52	m_hMyWeapons.008
246	CTFPlayer	53	m_hMyWeapons.009
246	CTFPlayer	54	m_hMyWeapons.010
246	CTFPlayer	55	m_hMyWeapons.011
246	CTFPlayer	56	m_hMyWeapons.012
246	CTFPlayer	57	m_hMyWeapons.013
246	CTFPlayer	58	m_hMyWeapons.014
246	CTFPlayer	59	m_hMyWeapons.015
246	CTFPlayer	60	m_hMyWeapons.016
246	CTFPlayer	61	m_hMyWeapons.017
246	CTFPlayer	62	m_hMyWeapons.018
246	CTFPlayer	63	m_hMyWeapons.019
246	CTFPlayer	64	m_hMyWeapons.020
246	CTFPlayer	65	m_hMyWeapons.021
246	CTFPlayer	66	m_hMyWeapons.022
246	CTFPlayer	67	m_hMyWeapons.023
246	CTFPlayer	68	m_hMyWeapons.024
246	CTFPlayer	69	m_hMyWeapons.025
246	CTFPlayer	70	m_hMyWeapons.026
246	CTFPlayer	71	m_hMyWeapons.027
246	CTFPlayer	72	m_hMyWeapons.028
246	CTFPlayer	73	m_hMyWeapons.029
246	CTFPlayer	74	m_hMyWeapons.030
246	CTFPlayer	75	m_hMyWeapons.031
246	CTFPlayer	76	m_hMyWeapons.032
246	CTFPlayer	77	m_hMyWeapons.033
246	CTFPlayer	78	m_hMyWeapons.034
246	CTFPlayer	79	m_hMyWeapons.035
246	CTFPlayer	80	m_hMyWeapons.036
246	CTFPlayer	81	m_hMyWeapons.037
246	CTFPlayer	82	m_hMyWeapons.038
246	CTFPlayer	83	m_hMyWeapons.039
246	CTFPlayer	84	m_hMyWeapons.040
246	CTFPlayer	85	m_hMyWeapons.041
246	CTFPlayer	86	m_hMyWeapons.042
246	CTFPlayer	87	m_hMyWeapons.043
246	CTFPlayer	88	m_hMyWeapons.044
246	CTFPlayer	89	m_hMyWeapons.045
246	CTFPlayer	90	m_hMyWeapons.046
246	CTFPlayer	91	m_hMyWeapons.047
246	CTFPlayer	92	_LPT_m_Attributes_20.lengthprop20
246	CTFPlayer	93	DT_ScriptCreatedAttribute.m_iAttributeDefinitionIndex
246	CTFPlayer	94	DT_ScriptCreatedAttribute.m_iRawValue32
246	CTFPlayer	95	DT_ScriptCreatedAttribute.m_nRefundableCurrency
246	CTFPlayer	96	DT_ScriptCreatedAttribute.m_iAttributeDefinitionIndex
246	CTFPlayer	97	DT_ScriptCreatedAttribute.m_iRawValue32
246	CTFPlayer	98	DT_ScriptCreatedAttribute.m_nRefundableCurrency
246	CTFPlayer	99	DT_ScriptCreatedAttribute.m_iAttributeDefinitionIndex
246	CTFPlayer	100	DT_ScriptCreatedAttribute.m_iRawValue32
246	CTFPlayer	101	DT_ScriptCreatedAttribute.m_nRefundableCurrency
246	CTFPlayer	102	DT_ScriptCreatedAttribute.m_iAttributeDefinitionIndex
246	CTFPlayer	103	DT_ScriptCreatedAttribute.m_iRawValue32
246	CTFPlayer	104	DT_ScriptCreatedAttribute.m_nRefundableCurrency
246	CTFPlayer	105	DT_ScriptCreatedAttribute.m_iAttributeDefinitionIndex
246	CTFPlayer	106	DT_ScriptCreatedAttribute.m_iRawValue32
246	CTFPlayer	107	DT_ScriptCreatedAttribute.m_nRefundableCurrency
246	CTFPlayer	108	DT_ScriptCreatedAttribute.m_iAttributeDefinitionIndex
246	CTFPlayer	109	DT_ScriptCreatedAttribute.m_iRawValue32
246	CTFPlayer	110	DT_ScriptCreatedAttribute.m_nRefundableCurrency
246	CTFPlayer	111	DT_ScriptCreatedAttribute.m_iAttributeDefinitionIndex
246	CTFPlayer	112	DT_ScriptCreatedAttribute.m_iRawValue32
246	CTFPlayer	113	DT_ScriptCreatedAttribute.m_nRefundableCurrency
246	CTFPlayer	114	DT_ScriptCreatedAttribute.m_iAttributeDefinitionIndex
246	CTFPlayer	115	DT_ScriptCreatedAttribute.m_iRawValue32
246	CTFPlayer	116	DT_ScriptCreatedAttribute.m_nRefundableCurrency
246	CTFPlayer	117	DT_ScriptCreatedAttribute.m_iAttributeDefinitionIndex
246	CTFPlayer	118	DT_ScriptCreatedAttribute.m_iRawValue32
246	CTFPlayer	119	DT_ScriptCreatedAttribute.m_nRefundableCurrency
246	CTFPlayer	120	DT_ScriptCreatedAttribute.m_iAttributeDefinitionIndex
246	CTFPlayer	121	DT_ScriptCreatedAttribute.m_iRawValue32
246	CTFPlayer	122	DT_ScriptCreatedAttribute.m_nRefundableCurrency
246	CTFPlayer	123	DT_ScriptCreatedAttribute.m_iAttributeDefinitionIndex
246	CTFPlayer	124	DT_ScriptCreatedAttribute.m_iRawValue32
246	CTFPlayer	125	DT_ScriptCreatedAttribute.m_nRefundableCurrency
246	CTFPlayer	126	DT_ScriptCreatedAttribute.m_iAttributeDefinitionIndex
246	CTFPlayer	127	DT_ScriptCreatedAttribute.m_iRawValue32
246	CTFPlayer	128	DT_ScriptCreatedAttribute.m_nRefundableCurrency
246	CTFPlayer	129	DT_ScriptCreatedAttribute.m_iAttributeDefinitionIndex
246	CTFPlayer	130	DT_ScriptCreatedAttribute.m_iRawValue32
246	CTFPlayer	131	DT_ScriptCreatedAttribute.m_nRefundableCurrency
246	CTFPlayer	132	DT_ScriptCreatedAttribute.m_iAttributeDefinitionIndex
246	CTFPlayer	133	DT_ScriptCreatedAttribute.m_iRawValue32
246	CTFPlayer	134	DT_ScriptCreatedAttribute.m_nRefundableCurrency
246	CTFPlayer	135	DT_ScriptCreatedAttribute.m_iAttributeDefinitionIndex
246	CTFPlayer	136	DT_ScriptCreatedAttribute.m_iRawValue32
246	CTFPlayer	137	DT_ScriptCreatedAttribute.m_nRefundableCurrency
246	CTFPlayer	138	DT_ScriptCreatedAttribute.m_iAttributeDefinitionIndex
246	CTFPlayer	139	DT_ScriptCreatedAttribute.m_iRawValue32
246	CTFPlayer	140	DT_ScriptCreatedAttribute.m_nRefundableCurrency
246	CTFPlayer	141	DT_ScriptCreatedAttribute.m_iAttributeDefinitionIndex
246	CTFPlayer	142	DT_ScriptCreatedAttribute.m_iRawValue32
246	CTFPlayer	143	DT_ScriptCreatedAttribute.m_nRefundableCurrency
246	CTFPlayer	144	DT_ScriptCreatedAttribute.m_iAttributeDefinitionIndex
246	CTFPlayer	145	DT_ScriptCreatedAttribute.m_iRawValue32
246	CTFPlayer	146	DT_ScriptCreatedAttribute.m_nRefundableCurrency
246	CTFPlayer	147	DT_ScriptCreatedAttribute.m_iAttributeDefinitionIndex
246	CTFPlayer	148	DT_ScriptCreatedAttribute.m_iRawValue32
246	CTFPlayer	149	DT_ScriptCreatedAttribute.m_nRefundableCurrency
246	CTFPlayer	150	DT_ScriptCreatedAttribute.m_iAttributeDefinitionIndex
246	CTFPlayer	151	DT_ScriptCreatedAttribute.m_iRawValue32
246	CTFPlayer	152	DT_ScriptCreatedAttribute.m_nRefundableCurrency
246	CTFPlayer	153	DT_PlayerState.deadflag
246	CTFPlayer	154	_LPT_m_hMyWearables_8.lengthprop8
246	CTFPlayer	155	_ST_m_hMyWearables_8.000
246	CTFPlayer	156	_ST_m_hMyWearables_8.001
246	CTFPlayer	157	_ST_m_hMyWearables_8.002
246	CTFPlayer	158	_ST_m_hMyWearables_8.003
246	CTFPlayer	159	_ST_m_hMyWearables_8.004
246	CTFPlayer	160	_ST_m_hMyWearables_8.005
246	CTFPlayer	161	_ST_m_hMyWearables_8.006
246	CTFPlayer	162	_ST_m_hMyWearables_8.007
246	CTFPlayer	163	m_chAreaBits.000
246	CTFPlayer	164	m_chAreaBits.001
246	CTFPlayer	165	m_chAreaBits.002
246	CTFPlayer	166	m_chAreaBits.003
246	CTFPlayer	167	m_chAreaBits.004
246	CTFPlayer	168	m_chAreaBits.005
246	CTFPlayer	169	m_chAreaBits.006
246	CTFPlayer	170	m_chAreaBits.007
246	CTFPlayer	171	m_chAreaBits.008
246	CTFPlayer	172	m_chAreaBits.009
246	CTFPlayer	173	m_chAreaBits.010
246	CTFPlayer	174	m_chAreaBits.011
246	CTFPlayer	175	m_chAreaBits.012
246	CTFPlayer	176	m_chAreaBits.013
246	CTFPlayer	177	m_chAreaBits.014
246	CTFPlayer	178	m_chAreaBits.015
246	CTFPlayer	179	m_chAreaBits.016
246	CTFPlayer	180	m_chAreaBits.017
246	CTFPlayer	181	m_chAreaBits.018
246	CTFPlayer	182	m_chAreaBits.019
246	CTFPlayer	183	m_chAreaBits.020
246	CTFPlayer	184	m_chAreaBits.021
246	CTFPlayer	185	m_chAreaBits.022
246	CTFPlayer	186	m_chAreaBits.023
246	CTFPlayer	187	m_chAreaBits.024
246	CTFPlayer	188	m_chAreaBits.025
246	CTFPlayer	189	m_chAreaBits.026
246	CTFPlayer	190	m_chAreaBits.027
246	CTFPlayer	191	m_chAreaBits.028
246	CTFPlayer	192	m_chAreaBits.029
246	CTFPlayer	193	m_chAreaBits.030
246	CTFPlayer	194	m_chAreaBits.031
246	CTFPlayer	195	m_chAreaPortalBits.000
246	CTFPlayer	196	m_chAreaPortalBits.001
246	CTFPlayer	197	m_chAreaPortalBits.002
246	CTFPlayer	198	m_chAreaPortalBits.003
246	CTFPlayer	199	m_chAreaPortalBits.004
246	CTFPlayer	200	m_chAreaPortalBits.005
246	CTFPlayer	201	m_chAreaPortalBits.006
246	CTFPlayer	202	m_chAreaPortalBits.007
246	CTFPlayer	203	m_chAreaPortalBits.008
246	CTFPlayer	204	m_chAreaPortalBits.009
246	CTFPlayer	205	m_chAreaPortalBits.010
246	CTFPlayer	206	m_chAreaPortalBits.011
246	CTFPlayer	207	m_chAreaPortalBits.012
246	CTFPlayer	208	m_chAreaPortalBits.013
246	CTFPlayer	209	m_chAreaPortalBits.014
246	CTFPlayer	210	m_chAreaPortalBits.015
246	CTFPlayer	211	m_chAreaPortalBits.016
246	CTFPlayer	212	m_chAreaPortalBits.017
246	CTFPlayer	213	m_chAreaPortalBits.018
246	CTFPlayer	214	m_chAreaPortalBits.019
246	CTFPlayer	215	m_chAreaPortalBits.020
246	CTFPlayer	216	m_chAreaPortalBits.021
246	CTFPlayer	217	m_chAreaPortalBits.022
246	CTFPlayer	218	m_chAreaPortalBits.023
246	CTFPlayer	219	DT_Local.m_iHideHUD
246	CTFPlayer	220	DT_Local.m_flFOVRate
246	CTFPlayer	221	DT_Local.m_bDucked
246	CTFPlayer	222	DT_Local.m_bDucking
246	CTFPlayer	223	DT_Local.m_bInDuckJump
246	CTFPlayer	224	DT_Local.m_flDuckJumpTime
246	CTFPlayer	225	DT_Local.m_flJumpTime
246	CTFPlayer	226	DT_Local.m_vecPunchAngleVel
246	CTFPlayer	227	DT_Local.m_bDrawViewmodel
246	CTFPlayer	228	DT_Local.m_bWearingSuit
246	CTFPlayer	229	DT_Local.m_bPoisoned
246	CTFPlayer	230	DT_Local.m_flStepSize
246	CTFPlayer	231	DT_Local.m_bAllowAutoMovement
246	CTFPlayer	232	DT_Local.m_skybox3d.scale
246	CTFPlayer	233	DT_Local.m_skybox3d.origin
246	CTFPlayer	234	DT_Local.m_skybox3d.area
246	CTFPlayer	235	DT_Local.m_skybox3d.fog.enable
246	CTFPlayer	236	DT_Local.m_skybox3d.fog.blend
246	CTFPlayer	237	DT_Local.m_skybox3d.fog.dirPrimary
246	CTFPlayer	238	DT_Local.m_skybox3d.fog.colorPrimary
246	CTFPlayer	239	DT_Local.m_skybox3d.fog.colorSecondary
246	CTFPlayer	240	DT_Local.m_skybox3d.fog.start
246	CTFPlayer	241	DT_Local.m_skybox3d.fog.end
246	CTFPlayer	242	DT_Local.m_skybox3d.fog.maxdensity
246	CTFPlayer	243	DT_Local.m_PlayerFog.m_hCtrl
246	CTFPlayer	244	DT_Local.m_audio.localSound[0]
246	CTFPlayer	245	DT_Local.m_audio.localSound[1]
246	CTFPlayer	246	DT_Local.m_audio.localSound[2]
246	CTFPlayer	247	DT_Local.m_audio.localSound[3]
246	CTFPlayer	248	DT_Local.m_audio.localSound[4]
246	CTFPlayer	249	DT_Local.m_audio.localSound[5]
246	CTFPlayer	250	DT_Local.m_audio.localSound[6]
246	CTFPlayer	251	DT_Local.m_audio.localSound[7]
246	CTFPlayer	252	DT_Local.m_audio.soundscapeIndex
246	CTFPlayer	253	DT_Local.m_audio.localBits
246	CTFPlayer	254	DT_Local.m_audio.ent
246	CTFPlayer	255	m_iAmmo.000
246	CTFPlayer	256	m_iAmmo.001
246	CTFPlayer	257	m_iAmmo.002
246	CTFPlayer	258	m_iAmmo.003
246	CTFPlayer	259	m_iAmmo.004
246	CTFPlayer	260	m_iAmmo.005
246	CTFPlayer	261	m_iAmmo.006
246	CTFPlayer	262	m_iAmmo.007
246	CTFPlayer	263	m_iAmmo.008
246	CTFPlayer	264	m_iAmmo.009
246	CTFPlayer	265	m_iAmmo.010
246	CTFPlayer	266	m_iAmmo.011
246	CTFPlayer	267	m_iAmmo.012
246	CTFPlayer	268	m_iAmmo.013
246	CTFPlayer	269	m_iAmmo.014
246	CTFPlayer	270	m_iAmmo.015
246	CTFPlayer	271	m_iAmmo.016
246	CTFPlayer	272	m_iAmmo.017
246	CTFPlayer	273	m_iAmmo.018
246	CTFPlayer	274	m_iAmmo.019
246	CTFPlayer	275	m_iAmmo.020
246	CTFPlayer	276	m_iAmmo.021
246	CTFPlayer	277	m_iAmmo.022
246	CTFPlayer	278	m_iAmmo.023
246	CTFPlayer	279	m_iAmmo.024
246	CTFPlayer	280	m_iAmmo.025
246	CTFPlayer	281	m_iAmmo.026
246	CTFPlayer	282	m_iAmmo.027
246	CTFPlayer	283	m_iAmmo.028
246	CTFPlayer	284	m_iAmmo.029
246	CTFPlayer	285	m_iAmmo.030
246	CTFPlayer	286	m_iAmmo.031
246	CTFPlayer	287	DT_LocalPlayerExclusive.m_vecViewOffset[0]
246	CTFPlayer	288	DT_LocalPlayerExclusive.m_vecViewOffset[1]
246	CTFPlayer	289	DT_LocalPlayerExclusive.m_flFriction
246	CTFPlayer	290	DT_LocalPlayerExclusive.m_fOnTarget
246	CTFPlayer	291	DT_LocalPlayerExclusive.m_nNextThinkTick
246	CTFPlayer	292	DT_LocalPlayerExclusive.m_hLastWeapon
246	CTFPlayer	293	DT_LocalPlayerExclusive.m_vecBaseVelocity
246	CTFPlayer	294	DT_LocalPlayerExclusive.m_hConstraintEntity
246	CTFPlayer	295	DT_LocalPlayerExclusive.m_vecConstraintCenter
246	CTFPlayer	296	DT_LocalPlayerExclusive.m_flConstraintRadius
246	CTFPlayer	297	DT_LocalPlayerExclusive.m_flConstraintWidth
246	CTFPlayer	298	DT_LocalPlayerExclusive.m_flConstraintSpeedFactor
246	CTFPlayer	299	DT_LocalPlayerExclusive.m_flDeathTime
246	CTFPlayer	300	DT_LocalPlayerExclusive.m_nWaterLevel
246	CTFPlayer	301	DT_LocalPlayerExclusive.m_flLaggedMovementValue
246	CTFPlayer	302	DT_TFPlayerClassShared.m_iClass
246	CTFPlayer	303	DT_TFPlayerClassShared.m_iszClassIcon
246	CTFPlayer	304	DT_TFPlayerClassShared.m_iszCustomModel
246	CTFPlayer	305	DT_TFPlayerClassShared.m_vecCustomModelOffset
246	CTFPlayer	306	DT_TFPlayerClassShared.m_angCustomModelRotation
246	CTFPlayer	307	DT_TFPlayerClassShared.m_bCustomModelRotates
246	CTFPlayer	308	DT_TFPlayerClassShared.m_bCustomModelRotationSet
246	CTFPlayer	309	DT_TFPlayerClassShared.m_bCustomModelVisibleToSelf
246	CTFPlayer	310	DT_TFPlayerClassShared.m_bUseClassAnimations
246	CTFPlayer	311	DT_TFPlayerClassShared.m_iClassModelParity
246	CTFPlayer	312	m_flItemChargeMeter.000
246	CTFPlayer	313	m_flItemChargeMeter.001
246	CTFPlayer	314	m_flItemChargeMeter.002
246	CTFPlayer	315	m_flItemChargeMeter.003
246	CTFPlayer	316	m_flItemChargeMeter.004
246	CTFPlayer	317	m_flItemChargeMeter.005
246	CTFPlayer	318	m_flItemChargeMeter.006
246	CTFPlayer	319	m_flItemChargeMeter.007
246	CTFPlayer	320	m_flItemChargeMeter.008
246	CTFPlayer	321	m_flItemChargeMeter.009
246	CTFPlayer	322	m_flItemChargeMeter.010
246	CTFPlayer	323	m_bPlayerDominated.000
246	CTFPlayer	324	m_bPlayerDominated.001
246	CTFPlayer	325	m_bPlayerDominated.002
246	CTFPlayer	326	m_bPlayerDominated.003
246	CTFPlayer	327	m_bPlayerDominated.004
246	CTFPlayer	328	m_bPlayerDominated.005
246	CTFPlayer	329	m_bPlayerDominated.006
246	CTFPlayer	330	m_bPlayerDominated.007
246	CTFPlayer	331	m_bPlayerDominated.008
246	CTFPlayer	332	m_bPlayerDominated.009
246	CTFPlayer	333	m_bPlayerDominated.010
246	CTFPlayer	334	m_bPlayerDominated.011
246	CTFPlayer	335	m_bPlayerDominated.012
246	CTFPlayer	336	m_bPlayerDominated.013
246	CTFPlayer	337	m_bPlayerDominated.014
246	CTFPlayer	338	m_bPlayerDominated.015
246	CTFPlayer	339	m_bPlayerDominated.016
246	CTFPlayer	340	m_bPlayerDominated.017
246	CTFPlayer	341	m_bPlayerDominated.018
246	CTFPlayer	342	m_bPlayerDominated.019
246	CTFPlayer	343	m_bPlayerDominated.020
246	CTFPlayer	344	m_bPlayerDominated.021
246	CTFPlayer	345	m_bPlayerDominated.022
246	CTFPlayer	346	m_bPlayerDominated.023
246	CTFPlayer	347	m_bPlayerDominated.024
246	CTFPlayer	348	m_bPlayerDominated.025
246	CTFPlayer	349	m_bPlayerDominated.026
246	CTFPlayer	350	m_bPlayerDominated.027
246	CTFPlayer	351	m_bPlayerDominated.028
246	CTFPlayer	352	m_bPlayerDominated.029
246	CTFPlayer	353	m_bPlayerDominated.030
246	CTFPlayer	354	m_bPlayerDominated.031
246	CTFPlayer	355	m_bPlayerDominated.032
246	CTFPlayer	356	m_bPlayerDominated.033
246	CTFPlayer	357	m_bPlayerDominatingMe.000
246	CTFPlayer	358	m_bPlayerDominatingMe.001
246	CTFPlayer	359	m_bPlayerDominatingMe.002
246	CTFPlayer	360	m_bPlayerDominatingMe.003
246	CTFPlayer	361	m_bPlayerDominatingMe.004
246	CTFPlayer	362	m_bPlayerDominatingMe.005
246	CTFPlayer	363	m_bPlayerDominatingMe.006
246	CTFPlayer	364	m_bPlayerDominatingMe.007
246	CTFPlayer	365	m_bPlayerDominatingMe.008
246	CTFPlayer	366	m_bPlayerDominatingMe.009
246	CTFPlayer	367	m_bPlayerDominatingMe.010
246	CTFPlayer	368	m_bPlayerDominatingMe.011
246	CTFPlayer	369	m_bPlayerDominatingMe.012
246	CTFPlayer	370	m_bPlayerDominatingMe.013
246	CTFPlayer	371	m_bPlayerDominatingMe.014
246	CTFPlayer	372	m_bPlayerDominatingMe.015
246	CTFPlayer	373	m_bPlayerDominatingMe.016
246	CTFPlayer	374	m_bPlayerDominatingMe.017
246	CTFPlayer	375	m_bPlayerDominatingMe.018
246	CTFPlayer	376	m_bPlayerDominatingMe.019
246	CTFPlayer	377	m_bPlayerDominatingMe.020
246	CTFPlayer	378	m_bPlayerDominatingMe.021
246	CTFPlayer	379	m_bPlayerDominatingMe.022
246	CTFPlayer	380	m_bPlayerDominatingMe.023
246	CTFPlayer	381	m_bPlayerDominatingMe.024
246	CTFPlayer	382	m_bPlayerDominatingMe.025
246	CTFPlayer	383	m_bPlayerDominatingMe.026
246	CTFPlayer	384	m_bPlayerDominatingMe.027
246	CTFPlayer	385	m_bPlayerDominatingMe.028
246	CTFPlayer	386	m_bPlayerDominatingMe.029
246	CTFPlayer	387	m_bPlayerDominatingMe.030
246	CTFPlayer	388	m_bPlayerDominatingMe.031
246	CTFPlayer	389	m_bPlayerDominatingMe.032
246	CTFPlayer	390	m_bPlayerDominatingMe.033
246	CTFPlayer	391	DT_TFPlayerScoringDataExclusive.m_iCaptures
246	CTFPlayer	392	DT_TFPlayerScoringDataExclusive.m_iDefenses
246	CTFPlayer	393	DT_TFPlayerScoringDataExclusive.m_iKills
246	CTFPlayer	394	DT_TFPlayerScoringDataExclusive.m_iDeaths
246	CTFPlayer	395	DT_TFPlayerScoringDataExclusive.m_iSuicides
246	CTFPlayer	396	DT_TFPlayerScoringDataExclusive.m_iDominations
246	CTFPlayer	397	DT_TFPlayerScoringDataExclusive.m_iRevenge
246	CTFPlayer	398	DT_TFPlayerScoringDataExclusive.m_iBuildingsBuilt
246	CTFPlayer	399	DT_TFPlayerScoringDataExclusive.m_iBuildingsDestroyed
246	CTFPlayer	400	DT_TFPlayerScoringDataExclusive.m_iHeadshots
246	CTFPlayer	401	DT_TFPlayerScoringDataExclusive.m_iBackstabs
246	CTFPlayer	402	DT_TFPlayerScoringDataExclusive.m_iHealPoints
246	CTFPlayer	403	DT_TFPlayerScoringDataExclusive.m_iInvulns
246	CTFPlayer	404	DT_TFPlayerScoringDataExclusive.m_iTeleports
246	CTFPlayer	405	DT_TFPlayerScoringDataExclusive.m_iDamageDone
246	CTFPlayer	406	DT_TFPlayerScoringDataExclusive.m_iCrits
246	CTFPlayer	407	DT_TFPlayerScoringDataExclusive.m_iResupplyPoints
246	CTFPlayer	408	DT_TFPlayerScoringDataExclusive.m_iKillAssists
246	CTFPlayer	409	DT_TFPlayerScoringDataExclusive.m_iBonusPoints
246	CTFPlayer	410	DT_TFPlayerScoringDataExclusive.m_iPoints
246	CTFPlayer	411	DT_TFPlayerScoringDataExclusive.m_iCaptures
246	CTFPlayer	412	DT_TFPlayerScoringDataExclusive.m_iDefenses
246	CTFPlayer	413	DT_TFPlayerScoringDataExclusive.m_iKills
246	CTFPlayer	414	DT_TFPlayerScoringDataExclusive.m_iDeaths
246	CTFPlayer	415	DT_TFPlayerScoringDataExclusive.m_iSuicides
246	CTFPlayer	416	DT_TFPlayerScoringDataExclusive.m_iDominations
246	CTFPlayer	417	DT_TFPlayerScoringDataExclusive.m_iRevenge
246	CTFPlayer	418	DT_TFPlayerScoringDataExclusive.m_iBuildingsBuilt
246	CTFPlayer	419	DT_TFPlayerScoringDataExclusive.m_iBuildingsDestroyed
246	CTFPlayer	420	DT_TFPlayerScoringDataExclusive.m_iHeadshots
246	CTFPlayer	421	DT_TFPlayerScoringDataExclusive.m_iBackstabs
246	CTFPlayer	422	DT_TFPlayerScoringDataExclusive.m_iHealPoints
246	CTFPlayer	423	DT_TFPlayerScoringDataExclusive.m_iInvulns
246	CTFPlayer	424	DT_TFPlayerScoringDataExclusive.m_iTeleports
246	CTFPlayer	425	DT_TFPlayerScoringDataExclusive.m_iDamageDone
246	CTFPlayer	426	DT_TFPlayerScoringDataExclusive.m_iCrits
246	CTFPlayer	427	DT_TFPlayerScoringDataExclusive.m_iResupplyPoints
246	CTFPlayer	428	DT_TFPlayerScoringDataExclusive.m_iKillAssists
246	CTFPlayer	429	DT_TFPlayerScoringDataExclusive.m_iBonusPoints
246	CTFPlayer	430	DT_TFPlayerScoringDataExclusive.m_iPoints
246	CTFPlayer	431	DT_TFPlayerSharedLocal.m_nDesiredDisguiseTeam
246	CTFPlayer	432	DT_TFPlayerSharedLocal.m_nDesiredDisguiseClass
246	CTFPlayer	433	DT_TFPlayerSharedLocal.m_bLastDisguisedAsOwnTeam
246	CTFPlayer	434	DT_TFPlayerSharedLocal.m_flStealthNoAttackExpire
246	CTFPlayer	435	DT_TFPlayerSharedLocal.m_flStealthNextChangeTime
246	CTFPlayer	436	DT_TFPlayerSharedLocal.m_flRageMeter
246	CTFPlayer	437	DT_TFPlayerSharedLocal.m_bRageDraining
246	CTFPlayer	438	DT_TFPlayerSharedLocal.m_flNextRageEarnTime
246	CTFPlayer	439	DT_TFPlayerSharedLocal.m_bInUpgradeZone
246	CTFPlayer	440	DT_TFPlayerConditionListExclusive._condition_bits
246	CTFPlayer	441	m_nStreaks.000
246	CTFPlayer	442	m_nStreaks.001
246	CTFPlayer	443	m_nStreaks.002
246	CTFPlayer	444	m_nStreaks.003
246	CTFPlayer	445	_LPT_m_ConditionData_130.lengthprop130
246	CTFPlayer	446	DT_TFPlayerConditionSource.m_pProvider
246	CTFPlayer	447	DT_TFPlayerConditionSource.m_pProvider
246	CTFPlayer	448	DT_TFPlayerConditionSource.m_pProvider
246	CTFPlayer	449	DT_TFPlayerConditionSource.m_pProvider
246	CTFPlayer	450	DT_TFPlayerConditionSource.m_pProvider
246	CTFPlayer	451	DT_TFPlayerConditionSource.m_pProvider
246	CTFPlayer	452	DT_TFPlayerConditionSource.m_pProvider
246	CTFPlayer	453	DT_TFPlayerConditionSource.m_pProvider
246	CTFPlayer	454	DT_TFPlayerConditionSource.m_pProvider
246	CTFPlayer	455	DT_TFPlayerConditionSource.m_pProvider
246	CTFPlayer	456	DT_TFPlayerConditionSource.m_pProvider
246	CTFPlayer	457	DT_TFPlayerConditionSource.m_pProvider
246	CTFPlayer	458	DT_TFPlayerConditionSource.m_pProvider
246	CTFPlayer	459	DT_TFPlayerConditionSource.m_pProvider
246	CTFPlayer	460	DT_TFPlayerConditionSource.m_pProvider
246	CTFPlayer	461	DT_TFPlayerConditionSource.m_pProvider
246	CTFPlayer	462	DT_TFPlayerConditionSource.m_pProvider
246	CTFPlayer	463	DT_TFPlayerConditionSource.m_pProvider
246	CTFPlayer	464	DT_TFPlayerConditionSource.m_pProvider
246	CTFPlayer	465	DT_TFPlayerConditionSource.m_pProvider
246	CTFPlayer	466	DT_TFPlayerConditionSource.m_pProvider
246	CTFPlayer	467	DT_TFPlayerConditionSource.m_pProvider
246	CTFPlayer	468	DT_TFPlayerConditionSource.m_pProvider
246	CTFPlayer	469	DT_TFPlayerConditionSource.m_pProvider
246	CTFPlayer	470	DT_TFPlayerConditionSource.m_pProvider
246	CTFPlayer	471	DT_TFPlayerConditionSource.m_pProvider
246	CTFPlayer	472	DT_TFPlayerConditionSource.m_pProvider
246	CTFPlayer	473	DT_TFPlayerConditionSource.m_pProvider
246	CTFPlayer	474	DT_TFPlayerConditionSource.m_pProvider
246	CTFPlayer	475	DT_TFPlayerConditionSource.m_pProvider
246	CTFPlayer	476	DT_TFPlayerConditionSource.m_pProvider
246	CTFPlayer	477	DT_TFPlayerConditionSource.m_pProvider
246	CTFPlayer	478	DT_TFPlayerConditionSource.m_pProvider
246	CTFPlayer	479	DT_TFPlayerConditionSource.m_pProvider
246	CTFPlayer	480	DT_TFPlayerConditionSource.m_pProvider
246	CTFPlayer	481	DT_TFPlayerConditionSource.m_pProvider
246	CTFPlayer	482	DT_TFPlayerConditionSource.m_pProvider
246	CTFPlayer	483	DT_TFPlayerConditionSource.m_pProvider
246	CTFPlayer	484	DT_TFPlayerConditionSource.m_pProvider
246	CTFPlayer	485	DT_TFPlayerConditionSource.m_pProvider
246	CTFPlayer	486	DT_TFPlayerConditionSource.m_pProvider
246	CTFPlayer	487	DT_TFPlayerConditionSource.m_pProvider
246	CTFPlayer	488	DT_TFPlayerConditionSource.m_pProvider
246	CTFPlayer	489	DT_TFPlayerConditionSource.m_pProvider
246	CTFPlayer	490	DT_TFPlayerConditionSource.m_pProvider
246	CTFPlayer	491	DT_TFPlayerConditionSource.m_pProvider
246	CTFPlayer	492	DT_TFPlayerConditionSource.m_pProvider
246	CTFPlayer	493	DT_TFPlayerConditionSource.m_pProvider
246	CTFPlayer	494	DT_TFPlayerConditionSource.m_pProvider
246	CTFPlayer	495	DT_TFPlayerConditionSource.m_pProvider
246	CTFPlayer	496	DT_TFPlayerConditionSource.m_pProvider
246	CTFPlayer	497	DT_TFPlayerConditionSource.m_pProvider
246	CTFPlayer	498	DT_TFPlayerConditionSource.m_pProvider
246	CTFPlayer	499	DT_TFPlayerConditionSource.m_pProvider
246	CTFPlayer	500	DT_TFPlayerConditionSource.m_pProvider
246	CTFPlayer	501	DT_TFPlayerConditionSource.m_pProvider
246	CTFPlayer	502	DT_TFPlayerConditionSource.m_pProvider
246	CTFPlayer	503	DT_TFPlayerConditionSource.m_pProvider
246	CTFPlayer	504	DT_TFPlayerConditionSource.m_pProvider
246	CTFPlayer	505	DT_TFPlayerConditionSource.m_pProvider
246	CTFPlayer	506	DT_TFPlayerConditionSource.m_pProvider
246	CTFPlayer	507	DT_TFPlayerConditionSource.m_pProvider
246	CTFPlayer	508	DT_TFPlayerConditionSource.m_pProvider
246	CTFPlayer	509	DT_TFPlayerConditionSource.m_pProvider
246	CTFPlayer	510	DT_TFPlayerConditionSource.m_pProvider
246	CTFPlayer	511	DT_TFPlayerConditionSource.m_pProvider
246	CTFPlayer	512	DT_TFPlayerConditionSource.m_pProvider
246	CTFPlayer	513	DT_TFPlayerConditionSource.m_pProvider
246	CTFPlayer	514	DT_TFPlayerConditionSource.m_pProvider
246	CTFPlayer	515	DT_TFPlayerConditionSource.m_pProvider
246	CTFPlayer	516	DT_TFPlayerConditionSource.m_pProvider
246	CTFPlayer	517	DT_TFPlayerConditionSource.m_pProvider
246	CTFPlayer	518	DT_TFPlayerConditionSource.m_pProvider
246	CTFPlayer	519	DT_TFPlayerConditionSource.m_pProvider
246	CTFPlayer	520	DT_TFPlayerConditionSource.m_pProvider
246	CTFPlayer	521	DT_TFPlayerConditionSource.m_pProvider
246	CTFPlayer	522	DT_TFPlayerConditionSource.m_pProvider
246	CTFPlayer	523	DT_TFPlayerConditionSource.m_pProvider
246	CTFPlayer	524	DT_TFPlayerConditionSource.m_pProvider
246	CTFPlayer	525	DT_TFPlayerConditionSource.m_pProvider
246	CTFPlayer	526	DT_TFPlayerConditionSource.m_pProvider
246	CTFPlayer	527	DT_TFPlayerConditionSource.m_pProvider
246	CTFPlayer	528	DT_TFPlayerConditionSource.m_pProvider
246	CTFPlayer	529	DT_TFPlayerConditionSource.m_pProvider
246	CTFPlayer	530	DT_TFPlayerConditionSource.m_pProvider
246	CTFPlayer	531	DT_TFPlayerConditionSource.m_pProvider
246	CTFPlayer	532	DT_TFPlayerConditionSource.m_pProvider
246	CTFPlayer	533	DT_TFPlayerConditionSource.m_pProvider
246	CTFPlayer	534	DT_TFPlayerConditionSource.m_pProvider
246	CTFPlayer	535	DT_TFPlayerConditionSource.m_pProvider
246	CTFPlayer	536	DT_TFPlayerConditionSource.m_pProvider
246	CTFPlayer	537	DT_TFPlayerConditionSource.m_pProvider
246	CTFPlayer	538	DT_TFPlayerConditionSource.m_pProvider
246	CTFPlayer	539	DT_TFPlayerConditionSource.m_pProvider
246	CTFPlayer	540	DT_TFPlayerConditionSource.m_pProvider
246	CTFPlayer	541	DT_TFPlayerConditionSource.m_pProvider
246	CTFPlayer	542	DT_TFPlayerConditionSource.m_pProvider
246	CTFPlayer	543	DT_TFPlayerConditionSource.m_pProvider
246	CTFPlayer	544	DT_TFPlayerConditionSource.m_pProvider
246	CTFPlayer	545	DT_TFPlayerConditionSource.m_pProvider
246	CTFPlayer	546	DT_TFPlayerConditionSource.m_pProvider
246	CTFPlayer	547	DT_TFPlayerConditionSource.m_pProvider
246	CTFPlayer	548	DT_TFPlayerConditionSource.m_pProvider
246	CTFPlayer	549	DT_TFPlayerConditionSource.m_pProvider
246	CTFPlayer	550	DT_TFPlayerConditionSource.m_pProvider
246	CTFPlayer	551	DT_TFPlayerConditionSource.m_pProvider
246	CTFPlayer	552	DT_TFPlayerConditionSource.m_pProvider
246	CTFPlayer	553	DT_TFPlayerConditionSource.m_pProvider
246	CTFPlayer	554	DT_TFPlayerConditionSource.m_pProvider
246	CTFPlayer	555	DT_TFPlayerConditionSource.m_pProvider
246	CTFPlayer	556	DT_TFPlayerConditionSource.m_pProvider
246	CTFPlayer	557	DT_TFPlayerConditionSource.m_pProvider
246	CTFPlayer	558	DT_TFPlayerConditionSource.m_pProvider
246	CTFPlayer	559	DT_TFPlayerConditionSource.m_pProvider
246	CTFPlayer	560	DT_TFPlayerConditionSource.m_pProvider
246	CTFPlayer	561	DT_TFPlayerConditionSource.m_pProvider
246	CTFPlayer	562	DT_TFPlayerConditionSource.m_pProvider
246	CTFPlayer	563	DT_TFPlayerConditionSource.m_pProvider
246	CTFPlayer	564	DT_TFPlayerConditionSource.m_pProvider
246	CTFPlayer	565	DT_TFPlayerConditionSource.m_pProvider
246	CTFPlayer	566	DT_TFPlayerConditionSource.m_pProvider
246	CTFPlayer	567	DT_TFPlayerConditionSource.m_pProvider
246	CTFPlayer	568	DT_TFPlayerConditionSource.m_pProvider
246	CTFPlayer	569	DT_TFPlayerConditionSource.m_pProvider
246	CTFPlayer	570	DT_TFPlayerConditionSource.m_pProvider
246	CTFPlayer	571	DT_TFPlayerConditionSource.m_pProvider
246	CTFPlayer	572	DT_TFPlayerConditionSource.m_pProvider
246	CTFPlayer	573	DT_TFPlayerConditionSource.m_pProvider
246	CTFPlayer	574	DT_TFPlayerConditionSource.m_pProvider
246	CTFPlayer	575	DT_TFPlayerConditionSource.m_pProvider
246	CTFPlayer	576	DT_TFPlayerShared.m_nPlayerCond
246	CTFPlayer	577	DT_TFPlayerShared.m_bJumping
246	CTFPlayer	578	DT_TFPlayerShared.m_nNumHealers
246	CTFPlayer	579	DT_TFPlayerShared.m_iCritMult
246	CTFPlayer	580	DT_TFPlayerShared.m_iAirDash
246	CTFPlayer	581	DT_TFPlayerShared.m_nAirDucked
246	CTFPlayer	582	DT_TFPlayerShared.m_flDuckTimer
246	CTFPlayer	583	DT_TFPlayerShared.m_nPlayerState
246	CTFPlayer	584	DT_TFPlayerShared.m_iDesiredPlayerClass
246	CTFPlayer	585	DT_TFPlayerShared.m_flMovementStunTime
246	CTFPlayer	586	DT_TFPlayerShared.m_iMovementStunAmount
246	CTFPlayer	587	DT_TFPlayerShared.m_iMovementStunParity
246	CTFPlayer	588	DT_TFPlayerShared.m_hStunner
246	CTFPlayer	589	DT_TFPlayerShared.m_iStunFlags
246	CTFPlayer	590	DT_TFPlayerShared.m_nArenaNumChanges
246	CTFPlayer	591	DT_TFPlayerShared.m_bArenaFirstBloodBoost
246	CTFPlayer	592	DT_TFPlayerShared.m_iWeaponKnockbackID
246	CTFPlayer	593	DT_TFPlayerShared.m_bLoadoutUnavailable
246	CTFPlayer	594	DT_TFPlayerShared.m_iItemFindBonus
246	CTFPlayer	595	DT_TFPlayerShared.m_bShieldEquipped
246	CTFPlayer	596	DT_TFPlayerShared.m_bParachuteEquipped
246	CTFPlayer	597	DT_TFPlayerShared.m_iNextMeleeCrit
246	CTFPlayer	598	DT_TFPlayerShared.m_iDecapitations
246	CTFPlayer	599	DT_TFPlayerShared.m_iRevengeCrits
246	CTFPlayer	600	DT_TFPlayerShared.m_iDisguiseBody
246	CTFPlayer	601	DT_TFPlayerShared.m_hCarriedObject
246	CTFPlayer	602	DT_TFPlayerShared.m_bCarryingObject
246	CTFPlayer	603	DT_TFPlayerShared.m_flNextNoiseMakerTime
246	CTFPlayer	604	DT_TFPlayerShared.m_iSpawnRoomTouchCount
246	CTFPlayer	605	DT_TFPlayerShared.m_iKillCountSinceLastDeploy
246	CTFPlayer	606	DT_TFPlayerShared.m_flFirstPrimaryAttack
246	CTFPlayer	607	DT_TFPlayerShared.m_flEnergyDrinkMeter
246	CTFPlayer	608	DT_TFPlayerShared.m_flHypeMeter
246	CTFPlayer	609	DT_TFPlayerShared.m_flChargeMeter
246	CTFPlayer	610	DT_TFPlayerShared.m_flInvisChangeCompleteTime
246	CTFPlayer	611	DT_TFPlayerShared.m_nDisguiseTeam
246	CTFPlayer	612	DT_TFPlayerShared.m_nDisguiseClass
246	CTFPlayer	613	DT_TFPlayerShared.m_nDisguiseSkinOverride
246	CTFPlayer	614	DT_TFPlayerShared.m_nMaskClass
246	CTFPlayer	615	DT_TFPlayerShared.m_iDisguiseTargetIndex
246	CTFPlayer	616	DT_TFPlayerShared.m_iDisguiseHealth
246	CTFPlayer	617	DT_TFPlayerShared.m_bFeignDeathReady
246	CTFPlayer	618	DT_TFPlayerShared.m_hDisguiseWeapon
246	CTFPlayer	619	DT_TFPlayerShared.m_nTeamTeleporterUsed
246	CTFPlayer	620	DT_TFPlayerShared.m_flCloakMeter
246	CTFPlayer	621	DT_TFPlayerShared.m_flSpyTranqBuffDuration
246	CTFPlayer	622	DT_TFPlayerShared.m_iTauntIndex
246	CTFPlayer	623	DT_TFPlayerShared.m_iTauntConcept
246	CTFPlayer	624	DT_TFPlayerShared.m_nPlayerCondEx
246	CTFPlayer	625	DT_TFPlayerShared.m_iStunIndex
246	CTFPlayer	626	DT_TFPlayerShared.m_nHalloweenBombHeadStage
246	CTFPlayer	627	DT_TFPlayerShared.m_nPlayerCondEx2
246	CTFPlayer	628	DT_TFPlayerShared.m_nPlayerCondEx3
246	CTFPlayer	629	DT_TFPlayerShared.m_unTauntSourceItemID_Low
246	CTFPlayer	630	DT_TFPlayerShared.m_unTauntSourceItemID_High
246	CTFPlayer	631	DT_TFPlayerShared.m_flRuneCharge
246	CTFPlayer	632	DT_TFPlayerShared.m_bHasPasstimeBall
246	CTFPlayer	633	DT_TFPlayerShared.m_bIsTargetedForPasstimePass
246	CTFPlayer	634	DT_TFPlayerShared.m_hPasstimePassTarget
246	CTFPlayer	635	DT_TFPlayerShared.m_askForBallTime
246	CTFPlayer	636	DT_TFPlayerShared.m_bKingRuneBuffActive
246	CTFPlayer	637	DT_TFPlayerShared.m_nPlayerCondEx4
246	CTFPlayer	638	DT_TFPlayerShared.m_flHolsterAnimTime
246	CTFPlayer	639	DT_TFPlayerShared.m_hSwitchTo
246	CTFPlayer	640	DT_TFLocalPlayerExclusive."player_object_array"
246	CTFPlayer	641	DT_TFLocalPlayerExclusive.m_bIsCoaching
246	CTFPlayer	642	DT_TFLocalPlayerExclusive.m_hCoach
246	CTFPlayer	643	DT_TFLocalPlayerExclusive.m_hStudent
246	CTFPlayer	644	DT_TFLocalPlayerExclusive.m_nCurrency
246	CTFPlayer	645	DT_TFLocalPlayerExclusive.m_nExperienceLevel
246	CTFPlayer	646	DT_TFLocalPlayerExclusive.m_nExperienceLevelProgress
246	CTFPlayer	647	DT_TFLocalPlayerExclusive.m_bMatchSafeToLeave
246	CTFPlayer	648	DT_AttributeManager.m_hOuter
246	CTFPlayer	649	DT_AttributeManager.m_ProviderType
246	CTFPlayer	650	DT_AttributeManager.m_iReapplyProvisionParity
246	CTFPlayer	651	DT_TFSendHealersDataTable.m_nActiveWpnClip
246	CTFPlayer	652	DT_BaseEntity.m_ubInterpolationFrame
246	CTFPlayer	653	DT_BaseEntity.m_nRenderFX
246	CTFPlayer	654	DT_BaseEntity.m_nRenderMode
246	CTFPlayer	655	DT_BaseEntity.m_fEffects
246	CTFPlayer	656	DT_BaseEntity.m_clrRender
246	CTFPlayer	657	DT_BaseEntity.m_iTeamNum
246	CTFPlayer	658	DT_BaseEntity.m_CollisionGroup
246	CTFPlayer	659	DT_BaseEntity.m_flElasticity
246	CTFPlayer	660	DT_BaseEntity.m_flShadowCastDistance
246	CTFPlayer	661	DT_BaseEntity.m_hOwnerEntity
246	CTFPlayer	662	DT_BaseEntity.m_hEffectEntity
246	CTFPlayer	663	DT_BaseEntity.moveparent
246	CTFPlayer	664	DT_BaseEntity.m_iParentAttachment
246	CTFPlayer	665	DT_BaseEntity.movetype
246	CTFPlayer	666	DT_BaseEntity.movecollide
246	CTFPlayer	667	DT_BaseEntity.m_iTextureFrameIndex
246	CTFPlayer	668	DT_BaseEntity.m_bSimulatedEveryTick
246	CTFPlayer	669	DT_BaseEntity.m_bAnimatedEveryTick
246	CTFPlayer	670	DT_BaseEntity.m_bAlternateSorting
246	CTFPlayer	671	DT_BaseAnimating.m_nForceBone
246	CTFPlayer	672	DT_BaseAnimating.m_vecForce
246	CTFPlayer	673	DT_BaseAnimating.m_nSkin
246	CTFPlayer	674	DT_BaseAnimating.m_nHitboxSet
246	CTFPlayer	675	DT_BaseAnimating.m_flModelScale
246	CTFPlayer	676	DT_BaseAnimating.m_bClientSideAnimation
246	CTFPlayer	677	DT_BaseAnimating.m_bClientSideFrameReset
246	CTFPlayer	678	DT_BaseAnimating.m_nNewSequenceParity
246	CTFPlayer	679	DT_BaseAnimating.m_nResetEventsParity
246	CTFPlayer	680	DT_BaseAnimating.m_nMuzzleFlashParity
246	CTFPlayer	681	DT_BaseAnimating.m_hLightingOrigin
246	CTFPlayer	682	DT_BaseAnimating.m_hLightingOriginRelative
246	CTFPlayer	683	DT_BaseAnimating.m_fadeMinDist
246	CTFPlayer	684	DT_BaseAnimating.m_fadeMaxDist
246	CTFPlayer	685	DT_BaseAnimating.m_flFadeScale
246	CTFPlayer	686	DT_BaseCombatCharacter.m_bGlowEnabled
246	CTFPlayer	687	DT_BaseCombatCharacter.m_hActiveWeapon
246	CTFPlayer	688	DT_BasePlayer.m_hVehicle
246	CTFPlayer	689	DT_BasePlayer.m_hUseEntity
246	CTFPlayer	690	DT_BasePlayer.m_lifeState
246	CTFPlayer	691	DT_BasePlayer.m_iBonusProgress
246	CTFPlayer	692	DT_BasePlayer.m_iBonusChallenge
246	CTFPlayer	693	DT_BasePlayer.m_flMaxspeed
246	CTFPlayer	694	DT_BasePlayer.m_iObserverMode
246	CTFPlayer	695	DT_BasePlayer.m_hObserverTarget
246	CTFPlayer	696	DT_BasePlayer.m_iFOV
246	CTFPlayer	697	DT_BasePlayer.m_iFOVStart
246	CTFPlayer	698	DT_BasePlayer.m_flFOVTime
246	CTFPlayer	699	DT_BasePlayer.m_iDefaultFOV
246	CTFPlayer	700	DT_BasePlayer.m_hZoomOwner
246	CTFPlayer	701	DT_BasePlayer.m_hViewModel
246	CTFPlayer	702	DT_BasePlayer.m_szLastPlaceName
246	CTFPlayer	703	DT_TFPlayer.m_bSaveMeParity
246	CTFPlayer	704	DT_TFPlayer.m_bIsMiniBoss
246	CTFPlayer	705	DT_TFPlayer.m_bIsABot
246	CTFPlayer	706	DT_TFPlayer.m_nBotSkill
246	CTFPlayer	707	DT_TFPlayer.m_nWaterLevel
246	CTFPlayer	708	DT_TFPlayer.m_hRagdoll
246	CTFPlayer	709	DT_TFPlayer.m_hItem
246	CTFPlayer	710	DT_TFPlayer.m_bAllowMoveDuringTaunt
246	CTFPlayer	711	DT_TFPlayer.m_bIsReadyToHighFive
246	CTFPlayer	712	DT_TFPlayer.m_hHighFivePartner
246	CTFPlayer	713	DT_TFPlayer.m_nForceTauntCam
246	CTFPlayer	714	DT_TFPlayer.m_flTauntYaw
246	CTFPlayer	715	DT_TFPlayer.m_nActiveTauntSlot
246	CTFPlayer	716	DT_TFPlayer.m_iTauntItemDefIndex
246	CTFPlayer	717	DT_TFPlayer.m_flCurrentTauntMoveSpeed
246	CTFPlayer	718	DT_TFPlayer.m_flVehicleReverseTime
246	CTFPlayer	719	DT_TFPlayer.m_flMvMLastDamageTime
246	CTFPlayer	720	DT_TFPlayer.m_bInPowerPlay
246	CTFPlayer	721	DT_TFPlayer.m_iSpawnCounter
246	CTFPlayer	722	DT_TFPlayer.m_bArenaSpectator
246	CTFPlayer	723	DT_TFPlayer.m_flHeadScale
246	CTFPlayer	724	DT_TFPlayer.m_flTorsoScale
246	CTFPlayer	725	DT_TFPlayer.m_flHandScale
246	CTFPlayer	726	DT_TFPlayer.m_bUseBossHealthBar
246	CTFPlayer	727	DT_TFPlayer.m_bUsingVRHeadset
246	CTFPlayer	728	DT_TFPlayer.m_bForcedSkin
246	CTFPlayer	729	DT_TFPlayer.m_nForcedSkin
246	CTFPlayer	730	DT_TFPlayer.m_flKartNextAvailableBoost
246	CTFPlayer	731	DT_TFPlayer.m_iKartHealth
246	CTFPlayer	732	DT_TFPlayer.m_iKartState
246	CTFPlayer	733	DT_TFPlayer.m_hGrapplingHookTarget
246	CTFPlayer	734	DT_TFPlayer.m_hSecondaryLastWeapon
246	CTFPlayer	735	DT_TFPlayer.m_bUsingActionSlot
246	CTFPlayer	736	DT_TFPlayer.m_flInspectTime
246	CTFPlayer	737	DT_TFPlayer.m_flHelpmeButtonPressTime
246	CTFPlayer	738	DT_TFPlayer.m_iCampaignMedals
246	CTFPlayer	739	DT_TFPlayer.m_iPlayerSkinOverride
246	CTFPlayer	740	DT_TFPlayer.m_bViewingCYOAPDA
